"first_seen_utc","ioc_id","ioc_value","ioc_type","threat_type","fk_malware","malware_alias","malware_printable","last_seen_utc","confidence_level","reference","tags","anonymous","reporter"
"2026-01-06 23:30:05","""1692214""","""http://a1122027.xsph.ru/bde277b7.php""","""url""","""botnet_cc""","""win.dcrat""","""DarkCrystal RAT""","""DCRat""","""""","""100""","""False""","""None""","""DCRat","RAT"""
"2026-01-06 18:31:54","""1692146""","""https://insightme.im/e/electric.php""","""url""","""payload_delivery""","""unknown_rat""","""None""","""Unknown RAT""","""""","""100""","""False""","""https://bazaar.abuse.ch/sample/77e22f4e1af7758d6f7284f32a92539ea36a527fa89c8c6765f10a3f98a8d13e/""","""GoToResolve""","""0"""
"2026-01-06 18:31:54","""1692147""","""https://pub-e306adc6127c4521869ba034f1b34502.r2.dev/EnterpriseElectricalReview.exe""","""url""","""payload_delivery""","""unknown_rat""","""None""","""Unknown RAT""","""""","""100""","""False""","""https://bazaar.abuse.ch/sample/77e22f4e1af7758d6f7284f32a92539ea36a527fa89c8c6765f10a3f98a8d13e/""","""GoToResolve""","""0"""
"2026-01-06 18:23:46","""1692145""","""https://cdn.jsdelivr.net/gh/gstatic-kh5q6ekh/cdn-10-s80-ap-k56/eut11""","""url""","""payload_delivery""","""js.clearfake""","""None""","""ClearFake""","""""","""100""","""False""","""None""","""ClearFake""","""0"""
"2026-01-06 18:19:23","""1692141""","""http://91.92.243.58""","""url""","""botnet_cc""","""win.stealc""","""None""","""Stealc""","""""","""100""","""False""","""https://tria.ge/260106-rtfd3shr3v""","""C2","stealc"
"2026-01-06 18:15:05","""1692139""","""http://co700017.tw1.ru/1703c858.php""","""url""","""botnet_cc""","""win.dcrat""","""DarkCrystal RAT""","""DCRat""","""""","""100""","""False""","""None""","""DCRat","RAT"""
"2026-01-06 18:14:53","""1692138""","""https://adwestmailcenter.com/""","""url""","""payload_delivery""","""unknown_rat""","""None""","""Unknown RAT""","""""","""100""","""True""","""https://urlhaus.abuse.ch/url/3751500/""","""GoToResolve""","""0"""
"2026-01-06 18:13:17","""1692136""","""https://cdn.jsdelivr.net/gh/gstatic-kh5q6ekh/cdn-300-s01-k17/eno80""","""url""","""payload_delivery""","""js.clearfake""","""None""","""ClearFake""","""""","""100""","""False""","""None""","""ClearFake""","""0"""
"2026-01-06 17:59:07","""1692128""","""https://cdn.jsdelivr.net/gh/gstatic-kh5q6ekh/cdn-210-so-ap20-s01/bep10""","""url""","""payload_delivery""","""js.clearfake""","""None""","""ClearFake""","""""","""100""","""False""","""None""","""ClearFake""","""0"""
"2026-01-06 16:40:05","""1692092""","""http://bobrecurwarmumsworms.com:8080/updater?for=76AB501390D0C329C365C14CDD1C4CAA""","""url""","""botnet_cc""","""unknown""","""None""","""Unknown malware""","""""","""100""","""False""","""None""","""GoProxy""","""0"""
"2026-01-06 16:30:08","""1692090""","""http://45.93.20.198/82878e5702cc452c.php""","""url""","""botnet_cc""","""win.stealc""","""None""","""Stealc""","""""","""100""","""False""","""None""","""Steal""","""0"""
"2026-01-06 15:09:53","""1692080""","""https://cdn.jsdelivr.net/gh/gstatic-kh5q6ekh/cdn-200-fd-cloudi/gds10""","""url""","""payload_delivery""","""js.clearfake""","""None""","""ClearFake""","""""","""100""","""False""","""None""","""ClearFake""","""0"""
"2026-01-06 15:06:01","""1692079""","""https://cdn.jsdelivr.net/gh/gstatic-kh5q6ekh/cdn-300-s46-k127/70op""","""url""","""payload_delivery""","""js.clearfake""","""None""","""ClearFake""","""""","""100""","""False""","""None""","""ClearFake""","""0"""
"2026-01-06 14:39:27","""1692067""","""https://cdn.jsdelivr.net/gh/gstatic-kh5q6ekh/cdn-300-s46-k127/pm45""","""url""","""payload_delivery""","""js.clearfake""","""None""","""ClearFake""","""""","""100""","""False""","""None""","""ClearFake""","""0"""
"2026-01-06 14:33:41","""1692066""","""https://cdn.jsdelivr.net/gh/gstatic-kh5q6ekh/cdn-10-s15-ap-k/set29""","""url""","""payload_delivery""","""js.clearfake""","""None""","""ClearFake""","""""","""100""","""False""","""None""","""ClearFake""","""0"""
"2026-01-06 14:23:09","""1692065""","""https://cdn.jsdelivr.net/gh/gstatic-kh5q6ekh/cdn-10-s15-ap-k/yo100""","""url""","""payload_delivery""","""js.clearfake""","""None""","""ClearFake""","""""","""100""","""False""","""None""","""ClearFake""","""0"""
"2026-01-06 13:55:34","""1692064""","""https://cdn.jsdelivr.net/gh/gstatic-kh5q6ekh/cdn-10-s15-ap-k/nol45""","""url""","""payload_delivery""","""js.clearfake""","""None""","""ClearFake""","""""","""100""","""False""","""None""","""ClearFake""","""0"""
"2026-01-06 13:09:50","""1692058""","""https://tpl.tfba.me/""","""url""","""botnet_cc""","""win.vidar""","""None""","""Vidar""","""""","""100""","""False""","""""","""Vidar""","""0"""
"2026-01-06 13:09:50","""1692059""","""https://tpl.kievteplo.kiev.ua/""","""url""","""botnet_cc""","""win.vidar""","""None""","""Vidar""","""""","""100""","""False""","""""","""Vidar""","""0"""
"2026-01-06 12:25:45","""1692056""","""https://invoice-statement.com/invoice/""","""url""","""payload_delivery""","""unknown_rat""","""None""","""Unknown RAT""","""""","""50""","""False""","""""","""DattoRM""","""0"""
"2026-01-06 11:41:01","""1692023""","""https://lwebcontrol.com/nfront.php""","""url""","""botnet_cc""","""win.donut_injector""","""Donut""","""donut_injector""","""""","""100""","""False""","""https://www.virustotal.com/gui/file/00217dba498d785f92d9591cb62a287f1235ec85b81a335f89a1e39326e43adf""","""c2","donut"
"2026-01-06 08:53:04","""1691980""","""https://cdn.jsdelivr.net/gh/gstatic-kh5q6ekh/cdn-70-cl0ud/sad""","""url""","""payload_delivery""","""js.clearfake""","""None""","""ClearFake""","""""","""100""","""False""","""None""","""ClearFake""","""0"""
"2026-01-06 07:35:14","""1691948""","""https://cdn.jsdelivr.net/gh/gstatic-kh5q6ekh/cdn-70-cl0ud/dash""","""url""","""payload_delivery""","""js.clearfake""","""None""","""ClearFake""","""""","""100""","""False""","""None""","""ClearFake""","""0"""
"2026-01-06 07:27:38","""1691947""","""https://cdn.jsdelivr.net/gh/gstatic-kh5q6ekh/cdn-70-api-1key/dash""","""url""","""payload_delivery""","""js.clearfake""","""None""","""ClearFake""","""""","""100""","""False""","""None""","""ClearFake""","""0"""
"2026-01-06 06:00:39","""1691677""","""https://topbilliondirectory.com/author/368betcv-89206/""","""url""","""payload_delivery""","""unknown""","""None""","""Unknown malware""","""""","""90""","""False""","""https://clickfix.carsonww.com/domains/topbilliondirectory.com""","""ClickFix""","""0"""
"2026-01-06 06:00:32","""1691710""","""http://62.60.226.159/geter/login.php""","""url""","""botnet_cc""","""win.tinyloader""","""None""","""TinyLoader""","""""","""100""","""False""","""None""","""AS214351","FEMO IT SOLUTIONS LIMITED"
"2026-01-06 06:00:31","""1691713""","""http://47.101.2.90:8888/supershell/login/""","""url""","""botnet_cc""","""unknown""","""None""","""Unknown malware""","""""","""100""","""False""","""None""","""AS37963","Hangzhou Alibaba Advertising Co. Ltd."
"2026-01-06 06:00:30","""1691714""","""http://117.72.62.70:8888/supershell/login/""","""url""","""botnet_cc""","""unknown""","""None""","""Unknown malware""","""""","""100""","""False""","""None""","""AS141679","China Telecom Beijing Tianjin Hebei Big Data Industry Park Branch"
"2026-01-06 06:00:09","""1691742""","""http://178.16.54.109/lfucky.exe""","""url""","""botnet_cc""","""win.global""","""GLOBAL GROUP""","""Global""","""""","""50""","""False""","""https://github.com/TheRavenFile/Daily-Hunt/blob/main/Global%20Group""","""global","ransomware"""
"2026-01-06 06:00:08","""1691743""","""https://3.130.42.49/""","""url""","""payload_delivery""","""unknown""","""None""","""Unknown malware""","""""","""90""","""False""","""https://clickfix.carsonww.com/domains/3.130.42.49""","""ClickFix""","""0"""
"2026-01-06 04:33:16","""1691926""","""https://cdn.jsdelivr.net/gh/gstatic-kh5q6ekh/cdn-210-so-api-key/sash21""","""url""","""payload_delivery""","""js.clearfake""","""None""","""ClearFake""","""""","""100""","""False""","""None""","""ClearFake""","""0"""
"2026-01-06 03:10:45","""1691754""","""https://spielbkr.cyou/api""","""url""","""botnet_cc""","""win.lumma""","""LummaC2 Stealer""","""Lumma Stealer""","""""","""75""","""False""","""https://bazaar.abuse.ch/sample/9f26363ffe8538072b6088d99b05a76074735343ea8046f76af75fcab93c5626/""","""lumma""","""0"""
"2026-01-06 01:50:50","""1691752""","""https://whitepepper.su/asds""","""url""","""botnet_cc""","""win.lumma""","""LummaC2 Stealer""","""Lumma Stealer""","""""","""75""","""False""","""https://bazaar.abuse.ch/sample/07b8e705a0017ab1df5ffabc1fc7fb0a4d0738e98235b5725e47bb9d5229c5c4/""","""lumma""","""0"""
"2026-01-06 01:50:48","""1691751""","""https://offenms.cyou/api""","""url""","""botnet_cc""","""win.lumma""","""LummaC2 Stealer""","""Lumma Stealer""","""""","""75""","""False""","""https://bazaar.abuse.ch/sample/07b8e705a0017ab1df5ffabc1fc7fb0a4d0738e98235b5725e47bb9d5229c5c4/""","""lumma""","""0"""
"2026-01-06 01:50:47","""1691750""","""https://izzardtow.su/cascasc""","""url""","""botnet_cc""","""win.lumma""","""LummaC2 Stealer""","""Lumma Stealer""","""""","""75""","""False""","""https://bazaar.abuse.ch/sample/07b8e705a0017ab1df5ffabc1fc7fb0a4d0738e98235b5725e47bb9d5229c5c4/""","""lumma""","""0"""
"2026-01-06 01:50:45","""1691749""","""https://homuncloud.su/ascasef""","""url""","""botnet_cc""","""win.lumma""","""LummaC2 Stealer""","""Lumma Stealer""","""""","""75""","""False""","""https://bazaar.abuse.ch/sample/07b8e705a0017ab1df5ffabc1fc7fb0a4d0738e98235b5725e47bb9d5229c5c4/""","""lumma""","""0"""
"2026-01-06 01:50:43","""1691748""","""https://heavylussy.su/ccvfd""","""url""","""botnet_cc""","""win.lumma""","""LummaC2 Stealer""","""Lumma Stealer""","""""","""75""","""False""","""https://bazaar.abuse.ch/sample/07b8e705a0017ab1df5ffabc1fc7fb0a4d0738e98235b5725e47bb9d5229c5c4/""","""lumma""","""0"""
"2026-01-06 01:50:41","""1691747""","""https://hammernew.su/asdase""","""url""","""botnet_cc""","""win.lumma""","""LummaC2 Stealer""","""Lumma Stealer""","""""","""75""","""False""","""https://bazaar.abuse.ch/sample/07b8e705a0017ab1df5ffabc1fc7fb0a4d0738e98235b5725e47bb9d5229c5c4/""","""lumma""","""0"""
"2026-01-06 01:50:39","""1691746""","""https://familyriwo.su/fssdaw""","""url""","""botnet_cc""","""win.lumma""","""LummaC2 Stealer""","""Lumma Stealer""","""""","""75""","""False""","""https://bazaar.abuse.ch/sample/07b8e705a0017ab1df5ffabc1fc7fb0a4d0738e98235b5725e47bb9d5229c5c4/""","""lumma""","""0"""
"2026-01-06 01:50:37","""1691745""","""https://broguenko.su/asfase""","""url""","""botnet_cc""","""win.lumma""","""LummaC2 Stealer""","""Lumma Stealer""","""""","""75""","""False""","""https://bazaar.abuse.ch/sample/07b8e705a0017ab1df5ffabc1fc7fb0a4d0738e98235b5725e47bb9d5229c5c4/""","""lumma""","""0"""
"2026-01-06 01:50:35","""1691744""","""https://basilicros.su/asdasq""","""url""","""botnet_cc""","""win.lumma""","""LummaC2 Stealer""","""Lumma Stealer""","""""","""75""","""False""","""https://bazaar.abuse.ch/sample/07b8e705a0017ab1df5ffabc1fc7fb0a4d0738e98235b5725e47bb9d5229c5c4/""","""lumma""","""0"""
"2026-01-05 23:54:57","""1691735""","""https://cdn.jsdelivr.net/gh/gstatic-kh5q6ekh/cdn-70-api-ls-key/7fnk""","""url""","""payload_delivery""","""js.clearfake""","""None""","""ClearFake""","""""","""100""","""False""","""None""","""ClearFake""","""0"""
"2026-01-05 23:37:53","""1691728""","""https://cdn.jsdelivr.net/gh/gstatic-kh5q6ekh/cdn-210-so-api-ky/roj19""","""url""","""payload_delivery""","""js.clearfake""","""None""","""ClearFake""","""""","""100""","""False""","""None""","""ClearFake""","""0"""
"2026-01-05 23:31:40","""1691727""","""https://cdn.jsdelivr.net/gh/gstatic-kh5q6ekh/cdn-180-set-api/put200""","""url""","""payload_delivery""","""js.clearfake""","""None""","""ClearFake""","""""","""100""","""False""","""None""","""ClearFake""","""0"""
"2026-01-05 23:16:01","""1691726""","""https://cdn.jsdelivr.net/gh/gstatic-kh5q6ekh/cdn-180-set-api/tem41""","""url""","""payload_delivery""","""js.clearfake""","""None""","""ClearFake""","""""","""100""","""False""","""None""","""ClearFake""","""0"""
"2026-01-05 21:28:30","""1691712""","""https://cdn.jsdelivr.net/gh/gstatic-kh5q6ekh/cdn-13-fd-cloude/sten47""","""url""","""payload_delivery""","""js.clearfake""","""None""","""ClearFake""","""""","""100""","""False""","""None""","""ClearFake""","""0"""
"2026-01-05 21:22:10","""1691711""","""https://cdn.jsdelivr.net/gh/gstatic-kh5q6ekh/cdn-250-cloude/tu20""","""url""","""payload_delivery""","""js.clearfake""","""None""","""ClearFake""","""""","""100""","""False""","""None""","""ClearFake""","""0"""
"2026-01-05 20:28:57","""1691709""","""https://cdn.jsdelivr.net/gh/gstatic-kh5q6ekh/cdn-250-cloude/tons25""","""url""","""payload_delivery""","""js.clearfake""","""None""","""ClearFake""","""""","""100""","""False""","""None""","""ClearFake""","""0"""
"2026-01-05 20:07:52","""1691702""","""https://cdn.jsdelivr.net/gh/gstatic-kh5q6ekh/cdn-250-cloude/pet12""","""url""","""payload_delivery""","""js.clearfake""","""None""","""ClearFake""","""""","""100""","""False""","""None""","""ClearFake""","""0"""
"2026-01-05 16:19:57","""1691608""","""https://18.119.212.249/""","""url""","""payload_delivery""","""unknown""","""None""","""Unknown malware""","""""","""90""","""False""","""https://clickfix.carsonww.com/domains/18.119.212.249""","""ClickFix""","""0"""
"2026-01-05 16:19:57","""1691618""","""http://89.125.255.226:82/365-Stealer/yourVictims/login.php""","""url""","""botnet_cc""","""unknown""","""None""","""Unknown malware""","""""","""100""","""False""","""None""","""365-stealer","AS212477"
"2026-01-05 16:19:56","""1691622""","""http://178.16.54.109/l2.exe""","""url""","""payload_delivery""","""win.phorpiex""","""Trik","phorphiex""","""Phorpiex""","""""","""100""","""False""","""None""","""Download"
"2026-01-05 16:19:55","""1691621""","""http://178.16.54.109/l1.exe""","""url""","""payload_delivery""","""win.phorpiex""","""Trik","phorphiex""","""Phorpiex""","""""","""100""","""False""","""None""","""Download"
"2026-01-05 16:19:54","""1691623""","""http://178.16.54.109/l3.exe""","""url""","""payload_delivery""","""win.phorpiex""","""Trik","phorphiex""","""Phorpiex""","""""","""100""","""False""","""None""","""Download"
"2026-01-05 16:19:53","""1691624""","""http://178.16.54.109/l4.exe""","""url""","""payload_delivery""","""win.phorpiex""","""Trik","phorphiex""","""Phorpiex""","""""","""100""","""False""","""None""","""Download"
"2026-01-05 16:19:53","""1691625""","""http://178.16.54.109/l5.exe""","""url""","""payload_delivery""","""win.phorpiex""","""Trik","phorphiex""","""Phorpiex""","""""","""100""","""False""","""None""","""Download"
"2026-01-05 16:19:53","""1691626""","""http://178.16.54.109/l6.exe""","""url""","""payload_delivery""","""win.phorpiex""","""Trik","phorphiex""","""Phorpiex""","""""","""100""","""False""","""None""","""Download"
"2026-01-05 16:19:52","""1691627""","""http://178.16.54.109/l7.exe""","""url""","""payload_delivery""","""win.phorpiex""","""Trik","phorphiex""","""Phorpiex""","""""","""100""","""False""","""None""","""Download"
"2026-01-05 16:19:52","""1691631""","""http://178.16.54.109/l11.exe""","""url""","""payload_delivery""","""win.phorpiex""","""Trik","phorphiex""","""Phorpiex""","""""","""100""","""False""","""None""","""Download"
"2026-01-05 16:19:51","""1691630""","""http://178.16.54.109/l10.exe""","""url""","""payload_delivery""","""win.phorpiex""","""Trik","phorphiex""","""Phorpiex""","""""","""100""","""False""","""None""","""Download"
"2026-01-05 16:19:50","""1691628""","""http://178.16.54.109/l8.exe""","""url""","""payload_delivery""","""win.phorpiex""","""Trik","phorphiex""","""Phorpiex""","""""","""100""","""False""","""None""","""Download"
"2026-01-05 16:19:50","""1691629""","""http://178.16.54.109/l9.exe""","""url""","""payload_delivery""","""win.phorpiex""","""Trik","phorphiex""","""Phorpiex""","""""","""100""","""False""","""None""","""Download"
"2026-01-05 16:19:49","""1691632""","""http://178.16.54.109/l12.exe""","""url""","""payload_delivery""","""win.phorpiex""","""Trik","phorphiex""","""Phorpiex""","""""","""100""","""False""","""None""","""Download"
"2026-01-05 16:19:49","""1691633""","""http://178.16.54.109/l13.exe""","""url""","""payload_delivery""","""win.phorpiex""","""Trik","phorphiex""","""Phorpiex""","""""","""100""","""False""","""None""","""Download"
"2026-01-05 16:19:49","""1691634""","""http://178.16.54.109/l14.exe""","""url""","""payload_delivery""","""win.phorpiex""","""Trik","phorphiex""","""Phorpiex""","""""","""100""","""False""","""None""","""Download"
"2026-01-05 16:19:48","""1691635""","""http://178.16.54.109/l15.exe""","""url""","""payload_delivery""","""win.phorpiex""","""Trik","phorphiex""","""Phorpiex""","""""","""100""","""False""","""None""","""Download"
"2026-01-05 16:19:48","""1691636""","""https://scrroeder.com/1q1q.js""","""url""","""payload_delivery""","""js.kongtuke""","""TAG-124","js.LandUpdate808""","""KongTuke""","""""","""100""","""True""","""https://infosec.exchange/@monitorsg/115842873686551807""","""KongTuke"""
"2026-01-05 16:19:47","""1691638""","""https://scrroeder.com/js.php""","""url""","""payload_delivery""","""js.kongtuke""","""TAG-124","js.LandUpdate808""","""KongTuke""","""""","""100""","""True""","""https://infosec.exchange/@monitorsg/115842873686551807""","""KongTuke"""
"2026-01-05 16:19:46","""1691639""","""http://144.31.221.71/a""","""url""","""payload_delivery""","""js.kongtuke""","""TAG-124","js.LandUpdate808""","""KongTuke""","""""","""100""","""True""","""https://infosec.exchange/@monitorsg/115842873686551807""","""KongTuke"""
"2026-01-05 16:19:43","""1691651""","""https://chrispetley.com/""","""url""","""payload_delivery""","""unknown""","""None""","""Unknown malware""","""""","""90""","""False""","""https://clickfix.carsonww.com/domains/chrispetley.com""","""ClickFix""","""0"""
"2026-01-05 14:56:10","""1691649""","""https://cdn.jsdelivr.net/gh/gstatic-kh5q6ekh/cdn-113-cloud/eos24""","""url""","""payload_delivery""","""js.clearfake""","""None""","""ClearFake""","""""","""100""","""False""","""""","""ClearFake""","""0"""
"2026-01-05 14:44:48","""1691647""","""https://github.com/gstatic-kh5q6ekh/cdn-113-cloud/blob/main/eos24)""","""url""","""payload_delivery""","""js.clearfake""","""None""","""ClearFake""","""""","""100""","""False""","""None""","""ClearFake""","""0"""
"2026-01-05 13:36:51","""1691609""","""https://gvo.tfba.me/""","""url""","""botnet_cc""","""win.vidar""","""None""","""Vidar""","""""","""100""","""False""","""""","""Vidar""","""0"""
"2026-01-05 13:36:51","""1691610""","""https://gvo.kievteplo.kiev.ua/""","""url""","""botnet_cc""","""win.vidar""","""None""","""Vidar""","""""","""100""","""False""","""""","""Vidar""","""0"""
"2026-01-05 13:21:43","""1691602""","""http://178.16.54.109/lfucky.exe""","""url""","""payload_delivery""","""win.phorpiex""","""Trik","phorphiex""","""Phorpiex""","""2026-01-06 17:08:02""","""100""","""False""","""None""","""Download"
"2026-01-05 13:21:42","""1691601""","""http://178.16.54.109/lfuck.exe""","""url""","""payload_delivery""","""win.phorpiex""","""Trik","phorphiex""","""Phorpiex""","""2026-01-06 17:08:29""","""100""","""False""","""None""","""Download"
"2026-01-05 13:21:42","""1691605""","""http://213.5.130.122""","""url""","""botnet_cc""","""unknown""","""None""","""Unknown malware""","""""","""100""","""False""","""None""","""c2","REMPROXY"""
"2026-01-05 13:21:41","""1691603""","""http://213.5.130.151""","""url""","""botnet_cc""","""unknown""","""None""","""Unknown malware""","""""","""100""","""False""","""None""","""c2","REMPROXY"""
"2026-01-05 13:21:40","""1691604""","""http://213.5.130.124""","""url""","""botnet_cc""","""unknown""","""None""","""Unknown malware""","""""","""100""","""False""","""None""","""c2","REMPROXY"""
"2026-01-05 13:21:40","""1691606""","""http://213.5.130.187""","""url""","""botnet_cc""","""unknown""","""None""","""Unknown malware""","""""","""100""","""False""","""None""","""c2","REMPROXY"""
"2026-01-05 10:06:57","""1691530""","""https://185.167.234.238/""","""url""","""botnet_cc""","""win.vidar""","""None""","""Vidar""","""""","""100""","""False""","""""","""Vidar""","""0"""
"2026-01-05 10:06:57","""1691531""","""https://91.124.149.85/""","""url""","""botnet_cc""","""win.vidar""","""None""","""Vidar""","""""","""100""","""False""","""""","""Vidar""","""0"""
"2026-01-05 10:06:57","""1691532""","""https://77.42.42.202/""","""url""","""botnet_cc""","""win.vidar""","""None""","""Vidar""","""""","""100""","""False""","""""","""Vidar""","""0"""
"2026-01-05 10:06:56","""1691524""","""https://95.217.24.39/""","""url""","""botnet_cc""","""win.vidar""","""None""","""Vidar""","""""","""100""","""False""","""""","""Vidar""","""0"""
"2026-01-05 10:06:56","""1691525""","""https://5.75.196.146/""","""url""","""botnet_cc""","""win.vidar""","""None""","""Vidar""","""""","""100""","""False""","""""","""Vidar""","""0"""
"2026-01-05 10:06:56","""1691526""","""https://95.216.178.83/""","""url""","""botnet_cc""","""win.vidar""","""None""","""Vidar""","""""","""100""","""False""","""""","""Vidar""","""0"""
"2026-01-05 10:06:56","""1691527""","""https://95.217.28.115/""","""url""","""botnet_cc""","""win.vidar""","""None""","""Vidar""","""""","""100""","""False""","""""","""Vidar""","""0"""
"2026-01-05 10:06:56","""1691528""","""https://95.217.243.215/""","""url""","""botnet_cc""","""win.vidar""","""None""","""Vidar""","""""","""100""","""False""","""""","""Vidar""","""0"""
"2026-01-05 10:06:56","""1691529""","""https://65.21.63.246/""","""url""","""botnet_cc""","""win.vidar""","""None""","""Vidar""","""""","""100""","""False""","""""","""Vidar""","""0"""
"2026-01-05 10:06:55","""1691518""","""https://95.217.240.165/""","""url""","""botnet_cc""","""win.vidar""","""None""","""Vidar""","""""","""100""","""False""","""""","""Vidar""","""0"""
"2026-01-05 10:06:55","""1691519""","""https://84.200.87.5/""","""url""","""botnet_cc""","""win.vidar""","""None""","""Vidar""","""""","""100""","""False""","""""","""Vidar""","""0"""
"2026-01-05 10:06:55","""1691520""","""https://185.196.11.23/""","""url""","""botnet_cc""","""win.vidar""","""None""","""Vidar""","""""","""100""","""False""","""""","""Vidar""","""0"""
"2026-01-05 10:06:55","""1691521""","""https://95.217.246.140/""","""url""","""botnet_cc""","""win.vidar""","""None""","""Vidar""","""""","""100""","""False""","""""","""Vidar""","""0"""
"2026-01-05 10:06:55","""1691522""","""https://95.217.29.133/""","""url""","""botnet_cc""","""win.vidar""","""None""","""Vidar""","""""","""100""","""False""","""""","""Vidar""","""0"""
"2026-01-05 10:06:55","""1691523""","""https://46.62.159.110/""","""url""","""botnet_cc""","""win.vidar""","""None""","""Vidar""","""""","""100""","""False""","""""","""Vidar""","""0"""
"2026-01-05 10:06:54","""1691512""","""https://185.196.8.99/""","""url""","""botnet_cc""","""win.vidar""","""None""","""Vidar""","""""","""100""","""False""","""""","""Vidar""","""0"""
"2026-01-05 10:06:54","""1691513""","""https://185.208.156.57/""","""url""","""botnet_cc""","""win.vidar""","""None""","""Vidar""","""""","""100""","""False""","""""","""Vidar""","""0"""
"2026-01-05 10:06:54","""1691514""","""https://86.54.42.227/""","""url""","""botnet_cc""","""win.vidar""","""None""","""Vidar""","""""","""100""","""False""","""""","""Vidar""","""0"""
"2026-01-05 10:06:54","""1691515""","""https://185.208.156.184/""","""url""","""botnet_cc""","""win.vidar""","""None""","""Vidar""","""""","""100""","""False""","""""","""Vidar""","""0"""
"2026-01-05 10:06:54","""1691516""","""https://141.11.164.188/""","""url""","""botnet_cc""","""win.vidar""","""None""","""Vidar""","""""","""100""","""False""","""""","""Vidar""","""0"""
"2026-01-05 10:06:54","""1691517""","""https://91.124.149.170/""","""url""","""botnet_cc""","""win.vidar""","""None""","""Vidar""","""""","""100""","""False""","""""","""Vidar""","""0"""
"2026-01-05 10:06:53","""1691506""","""https://ges.kievteplo.in.ua/""","""url""","""botnet_cc""","""win.vidar""","""None""","""Vidar""","""""","""100""","""False""","""""","""Vidar""","""0"""
"2026-01-05 10:06:53","""1691507""","""https://nnw.kievteplo.in.ua/""","""url""","""botnet_cc""","""win.vidar""","""None""","""Vidar""","""""","""100""","""False""","""""","""Vidar""","""0"""
"2026-01-05 10:06:53","""1691508""","""https://oil.kievteplo.kiev.ua/""","""url""","""botnet_cc""","""win.vidar""","""None""","""Vidar""","""""","""100""","""False""","""""","""Vidar""","""0"""
"2026-01-05 10:06:53","""1691509""","""https://grj.kievteplo.kiev.ua/""","""url""","""botnet_cc""","""win.vidar""","""None""","""Vidar""","""""","""100""","""False""","""""","""Vidar""","""0"""
"2026-01-05 10:06:53","""1691510""","""https://krs.kievteplo.kiev.ua/""","""url""","""botnet_cc""","""win.vidar""","""None""","""Vidar""","""""","""100""","""False""","""""","""Vidar""","""0"""
"2026-01-05 10:06:53","""1691511""","""https://ptn.kievteplo.kiev.ua/""","""url""","""botnet_cc""","""win.vidar""","""None""","""Vidar""","""""","""100""","""False""","""""","""Vidar""","""0"""
"2026-01-05 10:06:52","""1691499""","""https://pex.kievteplo.in.ua/""","""url""","""botnet_cc""","""win.vidar""","""None""","""Vidar""","""""","""100""","""False""","""""","""Vidar""","""0"""
"2026-01-05 10:06:52","""1691500""","""https://lgo.kievteplo.in.ua/""","""url""","""botnet_cc""","""win.vidar""","""None""","""Vidar""","""""","""100""","""False""","""""","""Vidar""","""0"""
"2026-01-05 10:06:52","""1691501""","""https://y26.kievteplo.in.ua/""","""url""","""botnet_cc""","""win.vidar""","""None""","""Vidar""","""""","""100""","""False""","""""","""Vidar""","""0"""
"2026-01-05 10:06:52","""1691502""","""https://drn.kievteplo.in.ua/""","""url""","""botnet_cc""","""win.vidar""","""None""","""Vidar""","""""","""100""","""False""","""""","""Vidar""","""0"""
"2026-01-05 10:06:52","""1691503""","""https://bnb.kievteplo.in.ua/""","""url""","""botnet_cc""","""win.vidar""","""None""","""Vidar""","""""","""100""","""False""","""""","""Vidar""","""0"""
"2026-01-05 10:06:52","""1691504""","""https://lop.kievteplo.in.ua/""","""url""","""botnet_cc""","""win.vidar""","""None""","""Vidar""","""""","""100""","""False""","""""","""Vidar""","""0"""
"2026-01-05 10:06:52","""1691505""","""https://fre.kievteplo.in.ua/""","""url""","""botnet_cc""","""win.vidar""","""None""","""Vidar""","""""","""100""","""False""","""""","""Vidar""","""0"""
"2026-01-05 10:06:51","""1691492""","""https://drn.passadisco.com.br/""","""url""","""botnet_cc""","""win.vidar""","""None""","""Vidar""","""""","""100""","""False""","""""","""Vidar""","""0"""
"2026-01-05 10:06:51","""1691493""","""https://bnb.passadisco.com.br/""","""url""","""botnet_cc""","""win.vidar""","""None""","""Vidar""","""""","""100""","""False""","""""","""Vidar""","""0"""
"2026-01-05 10:06:51","""1691494""","""https://lop.passadisco.com.br/""","""url""","""botnet_cc""","""win.vidar""","""None""","""Vidar""","""""","""100""","""False""","""""","""Vidar""","""0"""
"2026-01-05 10:06:51","""1691495""","""https://fre.passadisco.com.br/""","""url""","""botnet_cc""","""win.vidar""","""None""","""Vidar""","""""","""100""","""False""","""""","""Vidar""","""0"""
"2026-01-05 10:06:51","""1691496""","""https://ges.passadisco.com.br/""","""url""","""botnet_cc""","""win.vidar""","""None""","""Vidar""","""""","""100""","""False""","""""","""Vidar""","""0"""
"2026-01-05 10:06:51","""1691497""","""https://nnw.passadisco.com.br/""","""url""","""botnet_cc""","""win.vidar""","""None""","""Vidar""","""""","""100""","""False""","""""","""Vidar""","""0"""
"2026-01-05 10:06:51","""1691498""","""https://ptn.kievteplo.in.ua/""","""url""","""botnet_cc""","""win.vidar""","""None""","""Vidar""","""""","""100""","""False""","""""","""Vidar""","""0"""
"2026-01-05 10:06:50","""1691486""","""https://krs.tfba.me/""","""url""","""botnet_cc""","""win.vidar""","""None""","""Vidar""","""""","""100""","""False""","""""","""Vidar""","""0"""
"2026-01-05 10:06:50","""1691487""","""https://ptn.tfba.me/""","""url""","""botnet_cc""","""win.vidar""","""None""","""Vidar""","""""","""100""","""False""","""""","""Vidar""","""0"""
"2026-01-05 10:06:50","""1691488""","""https://ptn.passadisco.com.br/""","""url""","""botnet_cc""","""win.vidar""","""None""","""Vidar""","""""","""100""","""False""","""""","""Vidar""","""0"""
"2026-01-05 10:06:50","""1691489""","""https://pex.passadisco.com.br/""","""url""","""botnet_cc""","""win.vidar""","""None""","""Vidar""","""""","""100""","""False""","""""","""Vidar""","""0"""
"2026-01-05 10:06:50","""1691490""","""https://lgo.passadisco.com.br/""","""url""","""botnet_cc""","""win.vidar""","""None""","""Vidar""","""""","""100""","""False""","""""","""Vidar""","""0"""
"2026-01-05 10:06:50","""1691491""","""https://y26.passadisco.com.br/""","""url""","""botnet_cc""","""win.vidar""","""None""","""Vidar""","""""","""100""","""False""","""""","""Vidar""","""0"""
"2026-01-05 10:06:49","""1691480""","""https://dit.multiatend.com.br/""","""url""","""botnet_cc""","""win.vidar""","""None""","""Vidar""","""""","""100""","""False""","""""","""Vidar""","""0"""
"2026-01-05 10:06:49","""1691481""","""https://dit.kievholod.kiev.ua/""","""url""","""botnet_cc""","""win.vidar""","""None""","""Vidar""","""""","""100""","""False""","""""","""Vidar""","""0"""
"2026-01-05 10:06:49","""1691482""","""https://hov.multiatend.com.br/""","""url""","""botnet_cc""","""win.vidar""","""None""","""Vidar""","""""","""100""","""False""","""""","""Vidar""","""0"""
"2026-01-05 10:06:49","""1691483""","""https://hov.kievholod.kiev.ua/""","""url""","""botnet_cc""","""win.vidar""","""None""","""Vidar""","""""","""100""","""False""","""""","""Vidar""","""0"""
"2026-01-05 10:06:49","""1691484""","""https://oil.tfba.me/""","""url""","""botnet_cc""","""win.vidar""","""None""","""Vidar""","""""","""100""","""False""","""""","""Vidar""","""0"""
"2026-01-05 10:06:49","""1691485""","""https://grj.tfba.me/""","""url""","""botnet_cc""","""win.vidar""","""None""","""Vidar""","""""","""100""","""False""","""""","""Vidar""","""0"""
"2026-01-05 10:06:48","""1691473""","""https://gog.kievholod.kiev.ua/""","""url""","""botnet_cc""","""win.vidar""","""None""","""Vidar""","""""","""100""","""False""","""""","""Vidar""","""0"""
"2026-01-05 10:06:48","""1691474""","""https://xet.multiatend.com.br/""","""url""","""botnet_cc""","""win.vidar""","""None""","""Vidar""","""""","""100""","""False""","""""","""Vidar""","""0"""
"2026-01-05 10:06:48","""1691475""","""https://xet.kievholod.kiev.ua/""","""url""","""botnet_cc""","""win.vidar""","""None""","""Vidar""","""""","""100""","""False""","""""","""Vidar""","""0"""
"2026-01-05 10:06:48","""1691476""","""https://rfg.multiatend.com.br/""","""url""","""botnet_cc""","""win.vidar""","""None""","""Vidar""","""""","""100""","""False""","""""","""Vidar""","""0"""
"2026-01-05 10:06:48","""1691477""","""https://rfg.kievholod.kiev.ua/""","""url""","""botnet_cc""","""win.vidar""","""None""","""Vidar""","""""","""100""","""False""","""""","""Vidar""","""0"""
"2026-01-05 10:06:48","""1691478""","""https://boe.multiatend.com.br/""","""url""","""botnet_cc""","""win.vidar""","""None""","""Vidar""","""""","""100""","""False""","""""","""Vidar""","""0"""
"2026-01-05 10:06:48","""1691479""","""https://boe.kievholod.kiev.ua/""","""url""","""botnet_cc""","""win.vidar""","""None""","""Vidar""","""""","""100""","""False""","""""","""Vidar""","""0"""
"2026-01-05 10:06:47","""1691470""","""https://hex.multiatend.com.br/""","""url""","""botnet_cc""","""win.vidar""","""None""","""Vidar""","""""","""100""","""False""","""""","""Vidar""","""0"""
"2026-01-05 10:06:47","""1691471""","""https://hex.kievholod.kiev.ua/""","""url""","""botnet_cc""","""win.vidar""","""None""","""Vidar""","""""","""100""","""False""","""""","""Vidar""","""0"""
"2026-01-05 10:06:47","""1691472""","""https://gog.multiatend.com.br/""","""url""","""botnet_cc""","""win.vidar""","""None""","""Vidar""","""""","""100""","""False""","""""","""Vidar""","""0"""
"2026-01-05 09:48:34","""1691467""","""https://3.150.227.197/""","""url""","""payload_delivery""","""unknown""","""None""","""Unknown malware""","""""","""90""","""False""","""https://clickfix.carsonww.com/domains/3.150.227.197""","""ClickFix""","""0"""
"2026-01-05 09:48:33","""1691468""","""https://34.102.116.83/""","""url""","""payload_delivery""","""unknown""","""None""","""Unknown malware""","""""","""90""","""False""","""https://clickfix.carsonww.com/domains/34.102.116.83""","""ClickFix""","""0"""
"2026-01-05 09:26:42","""1691458""","""https://pastebin.com/raw/BnfuTUHU""","""url""","""botnet_cc""","""win.xworm""","""None""","""XWorm""","""""","""50""","""False""","""""","""c2","xworm"""
"2026-01-05 09:26:42","""1691459""","""https://pastebin.com/raw/akZF25tE""","""url""","""botnet_cc""","""win.xworm""","""None""","""XWorm""","""""","""50""","""False""","""""","""c2","xworm"""
"2026-01-05 09:25:33","""1691453""","""https://telete.in/jbitchsucks""","""url""","""botnet_cc""","""win.raccoon""","""Mohazo","RaccoonStealer","Racealer","Racoon""","""Raccoon""","""""","""50""","""False"""
"2026-01-05 09:25:33","""1691454""","""https://telete.in/jredmankun""","""url""","""botnet_cc""","""win.raccoon""","""Mohazo","RaccoonStealer","Racealer","Racoon""","""Raccoon""","""""","""50""","""False"""
"2026-01-05 09:25:33","""1691455""","""https://tttttt.me/jredmankun""","""url""","""botnet_cc""","""win.raccoon""","""Mohazo","RaccoonStealer","Racealer","Racoon""","""Raccoon""","""""","""50""","""False"""
"2026-01-05 09:23:50","""1691446""","""https://thammyvienanthea.com/mmm/playbook/onelove/fre.php""","""url""","""botnet_cc""","""win.lokipws""","""Burkina","Loki","LokiBot","LokiPWS""","""Loki Password Stealer (PWS)""","""""","""50""","""False"""
"2026-01-05 09:23:12","""1691445""","""https://onedrive.live.com/download?cid=10C44A5247ACCFDE&resid=10C44A5247ACCFDE%211158&authkey=ACUV8eZ2ZZ9Qq9sa""","""url""","""payload_delivery""","""unknown_loader""","""None""","""Unknown Loader""","""""","""50""","""False""","""""","""guloader""","""0"""
"2026-01-05 09:22:07","""1691422""","""http://lisagy25.top/index.php""","""url""","""botnet_cc""","""win.cryptbot""","""None""","""CryptBot""","""""","""50""","""False""","""""","""c2","cryptbot"""
"2026-01-05 09:22:07","""1691423""","""http://morlisanqr02.top/index.php""","""url""","""botnet_cc""","""win.cryptbot""","""None""","""CryptBot""","""""","""50""","""False""","""""","""c2","cryptbot"""
"2026-01-05 09:21:41","""1691421""","""http://disayts10.top/download.php?file=4.exe""","""url""","""payload_delivery""","""win.cryptbot""","""None""","""CryptBot""","""""","""50""","""False""","""""","""cryptbot""","""0"""
"2026-01-05 09:19:40","""1691404""","""https://qinh12.top/""","""url""","""botnet_cc""","""apk.spynote""","""CypherRat""","""SpyNote""","""""","""50""","""False""","""https://urlquery.net/report/0d1087e8-0ca8-4452-80d5-77450832d98e""","""c2","spynote"
"2026-01-05 09:19:40","""1691405""","""https://chenzx01.top/""","""url""","""botnet_cc""","""apk.spynote""","""CypherRat""","""SpyNote""","""""","""50""","""False""","""https://urlquery.net/report/bb798e1e-95f0-4ce1-80e1-b42d90cd1ec7""","""c2","spynote"
"2026-01-05 09:18:03","""1691402""","""https://95.181.160.249/""","""url""","""botnet_cc""","""unknown""","""None""","""Unknown malware""","""""","""50""","""False""","""https://urlquery.net/report/4679f472-2f0a-4981-a065-b72a4f2b96f9""","""c2","unam"
"2026-01-05 09:18:03","""1691403""","""https://185.132.53.18/""","""url""","""botnet_cc""","""unknown""","""None""","""Unknown malware""","""""","""50""","""False""","""https://urlquery.net/report/e4d0ed95-1003-44ae-9099-b39e82a1607f""","""c2","unam"
"2026-01-05 09:17:30","""1691401""","""https://154.201.84.243:8080/""","""url""","""botnet_cc""","""apk.hook""","""None""","""Hook""","""""","""50""","""False""","""https://urlquery.net/report/6ef254fa-7f3f-4ada-bd3a-329bd83de3f4""","""c2","hookbot"
"2026-01-05 09:16:59","""1691400""","""http://193.236.79.44/attivita/index.php""","""url""","""botnet_cc""","""win.amadey""","""None""","""Amadey""","""""","""50""","""False""","""https://urlscan.io/result/019b8d72-07e6-7102-85a9-044ba329f440""","""amadey","c2"
"2026-01-05 09:16:58","""1691399""","""https://77.91.77.140/g9bkfkwf/index.php""","""url""","""botnet_cc""","""win.amadey""","""None""","""Amadey""","""""","""50""","""False""","""https://urlscan.io/result/019b8d72-02dc-7539-aa17-6f780a41ce8b""","""amadey","c2"
"2026-01-05 09:16:02","""1691398""","""http://94.183.168.33/""","""url""","""botnet_cc""","""apk.hook""","""None""","""Hook""","""""","""50""","""False""","""https://urlscan.io/result/019b8d71-260f-741a-b3f5-f2bb7d4d56b4""","""c2","hookbot"
"2026-01-05 09:16:00","""1691397""","""http://154.61.69.121/""","""url""","""botnet_cc""","""apk.hook""","""None""","""Hook""","""""","""50""","""False""","""https://urlscan.io/result/019b8d71-21e1-7659-a69f-7b2164d7b2f7""","""c2","hookbot"
"2026-01-05 09:15:57","""1691396""","""http://154.201.84.243:8080/""","""url""","""botnet_cc""","""apk.hook""","""None""","""Hook""","""2026-01-05 09:16:04""","""50""","""False""","""https://urlscan.io/result/019b8d71-1492-70e3-960d-8a75d3d0006e""","""c2","hookbot"
"2026-01-05 09:15:56","""1691395""","""https://185.11.61.143:45051/""","""url""","""botnet_cc""","""apk.hook""","""None""","""Hook""","""2026-01-05 09:16:03""","""50""","""False""","""https://urlscan.io/result/019b8d71-10ac-76c8-b85e-cea3c6143f94""","""c2","hookbot"
"2026-01-05 09:15:40","""1691394""","""http://89.110.110.198/f999fb4b778f4b7a.php""","""url""","""botnet_cc""","""win.stealc""","""None""","""Stealc""","""""","""50""","""False""","""https://urlscan.io/result/019b8d70-d14c-7609-81fa-55ffa8317ae9""","""c2","stealc"
"2026-01-05 09:15:39","""1691393""","""http://77.110.109.2/ce369e7324834845.php""","""url""","""botnet_cc""","""win.stealc""","""None""","""Stealc""","""""","""50""","""False""","""https://urlscan.io/result/019b8d70-cd70-7367-9147-0e0764c71a0e""","""c2","stealc"
"2026-01-05 09:15:34","""1691392""","""https://45.131.215.139/4c0eeee3a4b86b26.php""","""url""","""botnet_cc""","""win.stealc""","""None""","""Stealc""","""""","""50""","""False""","""https://urlscan.io/result/019b8d70-bca8-738a-b54b-6873cec8cc4d""","""c2","stealc"
"2026-01-05 09:15:26","""1691391""","""https://sunqiangxx.top/""","""url""","""botnet_cc""","""apk.spynote""","""CypherRat""","""SpyNote""","""""","""50""","""False""","""https://urlscan.io/result/019b8d70-9cae-7585-8e40-2947e0ce9276""","""c2","spynote"
"2026-01-05 09:15:25","""1691390""","""https://sc3.tiktoktiaozhuan.xyz/""","""url""","""botnet_cc""","""apk.spynote""","""CypherRat""","""SpyNote""","""2026-01-05 09:15:29""","""50""","""False""","""https://urlscan.io/result/019b8d70-96fa-72af-bd41-86b34e69b3e9""","""c2","spynote"
"2026-01-05 09:15:24","""1691389""","""https://sc-003.tiktoktiaozhuan.xyz/""","""url""","""botnet_cc""","""apk.spynote""","""CypherRat""","""SpyNote""","""2026-01-05 09:15:28""","""50""","""False""","""https://urlscan.io/result/019b8d70-91b7-7060-90ae-9da610b42d80""","""c2","spynote"
"2026-01-05 09:15:22","""1691388""","""https://net-acceleration-sg.cloud/""","""url""","""botnet_cc""","""apk.spynote""","""CypherRat""","""SpyNote""","""""","""50""","""False""","""https://urlscan.io/result/019b8d70-8dab-728c-8635-09a8fedc1bff""","""c2","spynote"
"2026-01-05 09:15:21","""1691387""","""http://www.net-acceleration-sg.cloud/""","""url""","""botnet_cc""","""apk.spynote""","""CypherRat""","""SpyNote""","""""","""50""","""False""","""https://urlscan.io/result/019b8d70-88aa-72d3-9339-6e7af75991aa""","""c2","spynote"
"2026-01-05 09:15:20","""1691386""","""https://staging1.caverntechnologies.com/""","""url""","""botnet_cc""","""apk.spynote""","""CypherRat""","""SpyNote""","""2026-01-05 09:15:27""","""50""","""False""","""https://urlscan.io/result/019b8d70-8399-77d9-b5ef-728077f455fa""","""c2","spynote"
"2026-01-05 09:15:19","""1691385""","""https://cproter.de/""","""url""","""botnet_cc""","""apk.spynote""","""CypherRat""","""SpyNote""","""""","""50""","""False""","""https://urlscan.io/result/019b8d70-7dd9-71df-977f-869979f4762f""","""c2","spynote"
"2026-01-05 07:47:05","""1691309""","""https://github.com/gstatic-kh5q6ekh/cdn-113-cloud/releases/download/static/id-owf836aos""","""url""","""payload_delivery""","""js.clearfake""","""None""","""ClearFake""","""""","""100""","""False""","""""","""ClearFake""","""0"""
"2026-01-05 06:42:00","""1691026""","""http://85.192.28.115/ce369e7324834845.php""","""url""","""botnet_cc""","""win.stealc""","""None""","""Stealc""","""""","""100""","""False""","""https://bazaar.abuse.ch/sample/c57781940e3f0ac3e9291bd8ae612733e9a66a36f8dbd6e4e5666fd3758b3aa1/""","""c2","stealc"""
"2026-01-05 06:41:49","""1691081""","""https://tesllamacapp.com/""","""url""","""payload_delivery""","""unknown""","""None""","""Unknown malware""","""""","""90""","""False""","""https://clickfix.carsonww.com/domains/tesllamacapp.com""","""ClickFix""","""0"""
"2026-01-05 06:41:49","""1691082""","""https://45.144.233.192/""","""url""","""payload_delivery""","""unknown""","""None""","""Unknown malware""","""""","""90""","""False""","""https://clickfix.carsonww.com/domains/45.144.233.192""","""ClickFix""","""0"""
"2026-01-05 06:41:47","""1691280""","""https://3.128.241.168/""","""url""","""payload_delivery""","""unknown""","""None""","""Unknown malware""","""""","""90""","""False""","""https://clickfix.carsonww.com/domains/3.128.241.168""","""ClickFix""","""0"""
"2026-01-05 06:41:46","""1691291""","""https://164.160.41.10/""","""url""","""payload_delivery""","""unknown""","""None""","""Unknown malware""","""""","""90""","""False""","""https://clickfix.carsonww.com/domains/164.160.41.10""","""ClickFix""","""0"""
"2026-01-05 06:41:45","""1691292""","""https://mail.kryla.land/""","""url""","""payload_delivery""","""unknown""","""None""","""Unknown malware""","""""","""90""","""False""","""https://clickfix.carsonww.com/domains/mail.kryla.land""","""ClickFix""","""0"""
"2026-01-05 06:41:43","""1691047""","""https://cuve-fioul-services.fr/""","""url""","""payload_delivery""","""unknown""","""None""","""Unknown malware""","""""","""90""","""False""","""https://clickfix.carsonww.com/domains/cuve-fioul-services.fr""","""ClickFix""","""0"""
"2026-01-05 06:41:42","""1691012""","""https://138.197.49.130:8081/""","""url""","""payload_delivery""","""unknown""","""None""","""Unknown malware""","""""","""90""","""False""","""https://clickfix.carsonww.com/domains/138.197.49.130""","""ClickFix""","""0"""
"2026-01-05 06:41:41","""1691010""","""https://44.200.11.23/""","""url""","""payload_delivery""","""unknown""","""None""","""Unknown malware""","""""","""90""","""False""","""https://clickfix.carsonww.com/domains/44.200.11.23""","""ClickFix""","""0"""
"2026-01-05 06:41:41","""1691011""","""https://sqlcapture.com/""","""url""","""payload_delivery""","""unknown""","""None""","""Unknown malware""","""""","""90""","""False""","""https://clickfix.carsonww.com/domains/sqlcapture.com""","""ClickFix""","""0"""
"2026-01-05 06:41:40","""1691009""","""http://195.178.136.19/4""","""url""","""payload_delivery""","""win.phorpiex""","""Trik","phorphiex""","""Phorpiex""","""2026-01-06 16:40:45""","""100""","""False""","""None""","""Download"
"2026-01-05 06:41:39","""1691064""","""http://195.178.136.19/5""","""url""","""payload_delivery""","""win.phorpiex""","""Trik","phorphiex""","""Phorpiex""","""2026-01-06 16:40:47""","""100""","""False""","""None""","""Download"
